Category,Sales,Profit,Revenue_Leakage,Discount
Furniture,4352736,784776.0875,85771.11250000005,0.27322033898305087
Office Supplies,4177798,764928.6425,70630.95750000003,0.2701910828025478
Technology,4232179,758051.5925,88384.20750000003,0.2819879518072289
