Region,Sales,Profit,Revenue_Leakage
Central,2777263,507210.2775,48242.32250000003
East,3344029,619977.9575,48827.84250000003
South,3533086,632005.81,74611.39000000004
West,3108335,548562.2775,73104.72250000002
